{"cameraMode":{"drawMode":0,"name":"Shaded","section":"Shading Mode"},"sceneLighting":true,"audioPlay":false,"sceneViewState":{"showFog":true,"showMaterialUpdate":false,"showSkybox":true,"showFlares":true,"showImageEffects":true,"showParticleSystems":true},"in2DMode":false,"pivot":{"x":-0.03552355617284775,"y":2.8111064434051515,"z":-10.494759559631348},"rotation":{"x":-0.07977340370416641,"y":0.718863308429718,"z":-0.08360473066568375,"w":-0.6855642199516296},"size":2.9056670665740969,"orthographic":false}