{"cameraMode":{"drawMode":0,"name":"Shaded","section":"Shading Mode"},"sceneLighting":true,"audioPlay":false,"sceneViewState":{"showFog":true,"showMaterialUpdate":true,"showSkybox":true,"showFlares":true,"showImageEffects":true,"showParticleSystems":true},"in2DMode":false,"pivot":{"x":0.4199996590614319,"y":2.7490077018737795,"z":-5.160000324249268},"rotation":{"x":0.12730835378170014,"y":-0.5967881679534912,"z":0.09662221372127533,"w":0.786331057548523},"size":7.5692853927612309,"orthographic":false}