{"cameraMode":{"drawMode":0,"name":"Shaded","section":"Shading Mode"},"sceneLighting":true,"audioPlay":false,"sceneViewState":{"showFog":true,"showMaterialUpdate":true,"showSkybox":true,"showFlares":true,"showImageEffects":true,"showParticleSystems":true},"in2DMode":false,"pivot":{"x":1.6331218481063843,"y":2.520930290222168,"z":8.980252265930176},"rotation":{"x":-0.025581547990441324,"y":-0.9550068974494934,"z":-0.08646369725465775,"w":0.28258460760116579},"size":1.2127294540405274,"orthographic":false}