{"cameraMode":{"drawMode":0,"name":"Shaded","section":"Shading Mode"},"sceneLighting":false,"audioPlay":false,"sceneViewState":{"showFog":true,"showMaterialUpdate":true,"showSkybox":false,"showFlares":true,"showImageEffects":true,"showParticleSystems":true},"in2DMode":false,"pivot":{"x":-5.960464477539063e-8,"y":0.6624292135238648,"z":-5.960464477539063e-8},"rotation":{"x":-0.00979018397629261,"y":0.9718451499938965,"z":-0.2319585233926773,"w":-0.04083503410220146},"size":0.9849824905395508,"orthographic":false}