{"cameraMode":{"drawMode":0,"name":"Shaded","section":"Shading Mode"},"sceneLighting":false,"audioPlay":false,"sceneViewState":{"showFog":true,"showMaterialUpdate":false,"showSkybox":false,"showFlares":true,"showImageEffects":true,"showParticleSystems":true},"in2DMode":false,"pivot":{"x":1.1568318605422974,"y":1.8411948680877686,"z":-0.23979204893112184},"rotation":{"x":-0.1391115039587021,"y":0.651439368724823,"z":-0.12320173531770706,"w":-0.7355986833572388},"size":1.3980762958526612,"orthographic":false}