{"cameraMode":{"drawMode":0,"name":"Shaded","section":"Shading Mode"},"sceneLighting":true,"audioPlay":false,"sceneViewState":{"showFog":true,"showMaterialUpdate":true,"showSkybox":true,"showFlares":true,"showImageEffects":true,"showParticleSystems":true},"in2DMode":false,"pivot":{"x":-6.567602157592773,"y":1.1528701782226563,"z":22.273651123046876},"rotation":{"x":-0.09947482496500015,"y":-0.12977354228496552,"z":0.013079469092190266,"w":-0.9864633083343506},"size":1.478468894958496,"orthographic":false}