{"cameraMode":{"drawMode":0,"name":"Shaded","section":"Shading Mode"},"sceneLighting":true,"audioPlay":false,"sceneViewState":{"showFog":true,"showMaterialUpdate":true,"showSkybox":true,"showFlares":true,"showImageEffects":true,"showParticleSystems":true},"in2DMode":false,"pivot":{"x":-3.8149211406707765,"y":-4.027388095855713,"z":-1.0825966596603394},"rotation":{"x":0.0028270590119063856,"y":0.9370250701904297,"z":-0.3491710126399994,"w":0.007586407475173473},"size":27.041362762451173,"orthographic":false}