{"cameraMode":{"drawMode":0,"name":"Shaded","section":"Shading Mode"},"sceneLighting":true,"audioPlay":false,"sceneViewState":{"showFog":true,"showMaterialUpdate":true,"showSkybox":true,"showFlares":true,"showImageEffects":true,"showParticleSystems":true},"in2DMode":false,"pivot":{"x":2.190781593322754,"y":11.2772216796875,"z":8.95980453491211},"rotation":{"x":0.09425930678844452,"y":0.7607476711273193,"z":-0.11366484314203263,"w":0.6321121454238892},"size":14.112957000732422,"orthographic":false}