{"cameraMode":{"drawMode":0,"name":"Shaded","section":"Shading Mode"},"sceneLighting":false,"audioPlay":false,"sceneViewState":{"showFog":true,"showMaterialUpdate":false,"showSkybox":false,"showFlares":true,"showImageEffects":true,"showParticleSystems":true},"in2DMode":false,"pivot":{"x":347.05755615234377,"y":198.6009063720703,"z":0.0},"rotation":{"x":0.021873673424124719,"y":-0.05666457861661911,"z":0.0012385514564812184,"w":0.9981779456138611},"size":6.5428266525268559,"orthographic":false}