{"cameraMode":{"drawMode":0,"name":"Shaded","section":"Shading Mode"},"sceneLighting":true,"audioPlay":false,"sceneViewState":{"showFog":true,"showMaterialUpdate":true,"showSkybox":true,"showFlares":true,"showImageEffects":true,"showParticleSystems":true},"in2DMode":false,"pivot":{"x":-0.04369203746318817,"y":2.993162155151367,"z":7.452320098876953},"rotation":{"x":-0.08159291744232178,"y":-0.07229658216238022,"z":0.005934417247772217,"w":-0.9940219521522522},"size":2.7218353748321535,"orthographic":false}