{"cameraMode":{"drawMode":0,"name":"Shaded","section":"Shading Mode"},"sceneLighting":true,"audioPlay":false,"sceneViewState":{"showFog":true,"showMaterialUpdate":true,"showSkybox":true,"showFlares":true,"showImageEffects":true,"showParticleSystems":true},"in2DMode":false,"pivot":{"x":-3.933276653289795,"y":-0.06838476657867432,"z":15.29609489440918},"rotation":{"x":0.11685214191675186,"y":-0.7793927192687988,"z":0.15273211896419526,"w":0.5963069796562195},"size":4.492724418640137,"orthographic":false}