{"cameraMode":{"drawMode":0,"name":"Shaded","section":"Shading Mode"},"sceneLighting":false,"audioPlay":false,"sceneViewState":{"showFog":true,"showMaterialUpdate":false,"showSkybox":false,"showFlares":true,"showImageEffects":true,"showParticleSystems":true},"in2DMode":false,"pivot":{"x":-0.24914593994617463,"y":0.24010303616523744,"z":0.19253182411193849},"rotation":{"x":-0.2198874056339264,"y":0.011992496438324452,"z":-0.0027251807041466238,"w":-0.9754812121391296},"size":1.022960901260376,"orthographic":false}