{"cameraMode":{"drawMode":0,"name":"Shaded","section":"Shading Mode"},"sceneLighting":true,"audioPlay":false,"sceneViewState":{"showFog":true,"showMaterialUpdate":true,"showSkybox":true,"showFlares":true,"showImageEffects":true,"showParticleSystems":true},"in2DMode":false,"pivot":{"x":1.9175353050231934,"y":1.8350269794464112,"z":5.097768783569336},"rotation":{"x":-0.008067939430475235,"y":-0.9568931460380554,"z":0.026704251766204835,"w":-0.28910014033317568},"size":48.81709289550781,"orthographic":false}