{"cameraMode":{"drawMode":0,"name":"Shaded","section":"Shading Mode"},"sceneLighting":true,"audioPlay":false,"sceneViewState":{"showFog":true,"showMaterialUpdate":false,"showSkybox":true,"showFlares":true,"showImageEffects":true,"showParticleSystems":true},"in2DMode":false,"pivot":{"x":0.0,"y":8.809999465942383,"z":6.840000152587891},"rotation":{"x":0.09293817728757858,"y":-0.07137209177017212,"z":0.00670299306511879,"w":0.9931580424308777},"size":2.0615527629852297,"orthographic":false}