{"cameraMode":{"drawMode":0,"name":"Shaded","section":"Shading Mode"},"sceneLighting":false,"audioPlay":false,"sceneViewState":{"showFog":true,"showMaterialUpdate":true,"showSkybox":false,"showFlares":true,"showImageEffects":true,"showParticleSystems":true},"in2DMode":false,"pivot":{"x":-0.1548214852809906,"y":1.6917369365692139,"z":-0.24138295650482179},"rotation":{"x":0.009542902000248433,"y":0.9702256321907044,"z":-0.23897042870521546,"w":0.03872839733958244},"size":1.4833972454071046,"orthographic":false}