{"cameraMode":{"drawMode":0,"name":"Shaded","section":"Shading Mode"},"sceneLighting":false,"audioPlay":false,"sceneViewState":{"showFog":true,"showMaterialUpdate":true,"showSkybox":false,"showFlares":true,"showImageEffects":true,"showParticleSystems":true},"in2DMode":false,"pivot":{"x":0.09946612268686295,"y":0.6686501502990723,"z":4.946944713592529},"rotation":{"x":0.08271896094083786,"y":-0.7868392467498779,"z":0.10805115103721619,"w":0.6020218133926392},"size":0.5094838738441467,"orthographic":false}