{"cameraMode":{"drawMode":0,"name":"Shaded","section":"Shading Mode"},"sceneLighting":false,"audioPlay":false,"sceneViewState":{"showFog":true,"showMaterialUpdate":true,"showSkybox":false,"showFlares":true,"showImageEffects":true,"showParticleSystems":true},"in2DMode":false,"pivot":{"x":-0.2914619445800781,"y":0.3098967671394348,"z":-0.029669880867004396},"rotation":{"x":0.16818684339523316,"y":0.6760415434837341,"z":-0.163011372089386,"w":0.6987688541412354},"size":8.350584030151368,"orthographic":false}