{"cameraMode":{"drawMode":0,"name":"Shaded","section":"Shading Mode"},"sceneLighting":true,"audioPlay":false,"sceneViewState":{"showFog":true,"showMaterialUpdate":false,"showSkybox":true,"showFlares":true,"showImageEffects":true,"showParticleSystems":true},"in2DMode":false,"pivot":{"x":-0.543300211429596,"y":1.782810926437378,"z":-8.85042953491211},"rotation":{"x":-0.15934854745864869,"y":0.5918697714805603,"z":-0.12078528851270676,"w":-0.7808384895324707},"size":2.02237868309021,"orthographic":false}