{"cameraMode":{"drawMode":0,"name":"Shaded","section":"Shading Mode"},"sceneLighting":false,"audioPlay":false,"sceneViewState":{"showFog":true,"showMaterialUpdate":true,"showSkybox":false,"showFlares":true,"showImageEffects":true,"showParticleSystems":true},"in2DMode":false,"pivot":{"x":-4.76837158203125e-7,"y":2.694124698638916,"z":1.369999647140503},"rotation":{"x":0.27924439311027529,"y":0.0707748532295227,"z":-0.02068270742893219,"w":0.9574090838432312},"size":4.308995723724365,"orthographic":false}