{"cameraMode":{"drawMode":0,"name":"Shaded","section":"Shading Mode"},"sceneLighting":true,"audioPlay":false,"sceneViewState":{"showFog":true,"showMaterialUpdate":false,"showSkybox":true,"showFlares":true,"showImageEffects":true,"showParticleSystems":true},"in2DMode":false,"pivot":{"x":-4.581410884857178,"y":2.6363697052001955,"z":-0.18137259781360627},"rotation":{"x":-0.06482648104429245,"y":-0.7041352987289429,"z":0.06483015418052674,"w":-0.7041289210319519},"size":5.53114128112793,"orthographic":false}