{"cameraMode":{"drawMode":0,"name":"Shaded","section":"Shading Mode"},"sceneLighting":false,"audioPlay":false,"sceneViewState":{"showFog":true,"showMaterialUpdate":true,"showSkybox":false,"showFlares":true,"showImageEffects":true,"showParticleSystems":true},"in2DMode":false,"pivot":{"x":0.11073973774909973,"y":0.31617188453674319,"z":0.025680601596832277},"rotation":{"x":-0.00979018397629261,"y":0.9718451499938965,"z":-0.2319585233926773,"w":-0.04083503410220146},"size":0.6704761981964111,"orthographic":false}