{"cameraMode":{"drawMode":0,"name":"Shaded","section":"Shading Mode"},"sceneLighting":true,"audioPlay":false,"sceneViewState":{"showFog":true,"showMaterialUpdate":true,"showSkybox":true,"showFlares":true,"showImageEffects":true,"showParticleSystems":true},"in2DMode":false,"pivot":{"x":0.569999635219574,"y":1.769007682800293,"z":5.46999979019165},"rotation":{"x":0.004198980052024126,"y":0.017094744369387628,"z":-0.00007311860827030614,"w":0.9998483061790466},"size":3.7069921493530275,"orthographic":false}