{"cameraMode":{"drawMode":0,"name":"Shaded","section":"Shading Mode"},"sceneLighting":false,"audioPlay":false,"sceneViewState":{"showFog":true,"showMaterialUpdate":false,"showSkybox":false,"showFlares":true,"showImageEffects":true,"showParticleSystems":true},"in2DMode":false,"pivot":{"x":-0.03552353382110596,"y":1.440000057220459,"z":-11.329999923706055},"rotation":{"x":-0.2314639836549759,"y":0.6626342535018921,"z":-0.22719800472259522,"w":-0.6750761270523071},"size":2.598076105117798,"orthographic":false}