{"cameraMode":{"drawMode":0,"name":"Shaded","section":"Shading Mode"},"sceneLighting":false,"audioPlay":false,"sceneViewState":{"showFog":true,"showMaterialUpdate":false,"showSkybox":false,"showFlares":true,"showImageEffects":true,"showParticleSystems":true},"in2DMode":false,"pivot":{"x":-0.03552353382110596,"y":1.440000057220459,"z":-11.329999923706055},"rotation":{"x":-0.13565011322498322,"y":0.6246065497398377,"z":-0.11134748160839081,"w":-0.7609710693359375},"size":2.598076105117798,"orthographic":false}