{"cameraMode":{"drawMode":0,"name":"Shaded","section":"Shading Mode"},"sceneLighting":false,"audioPlay":false,"sceneViewState":{"showFog":true,"showMaterialUpdate":true,"showSkybox":false,"showFlares":true,"showImageEffects":true,"showParticleSystems":true},"in2DMode":false,"pivot":{"x":0.0,"y":1.4482574462890626,"z":-0.5640429258346558},"rotation":{"x":-0.2313346415758133,"y":0.04552396759390831,"z":-0.01082694809883833,"w":-0.9717973470687866},"size":2.2108235359191896,"orthographic":false}