{"cameraMode":{"drawMode":0,"name":"Shaded","section":"Shading Mode"},"sceneLighting":true,"audioPlay":false,"sceneViewState":{"showFog":true,"showMaterialUpdate":true,"showSkybox":true,"showFlares":true,"showImageEffects":true,"showParticleSystems":true},"in2DMode":false,"pivot":{"x":-1.7908217906951905,"y":2.269324779510498,"z":22.11441421508789},"rotation":{"x":-0.34314092993736269,"y":-0.05995730683207512,"z":0.02194991335272789,"w":-0.9371333122253418},"size":5.149664402008057,"orthographic":false}