{"cameraMode":{"drawMode":0,"name":"Shaded","section":"Shading Mode"},"sceneLighting":true,"audioPlay":false,"sceneViewState":{"showFog":true,"showMaterialUpdate":false,"showSkybox":true,"showFlares":true,"showImageEffects":true,"showParticleSystems":true},"in2DMode":false,"pivot":{"x":0.7945427894592285,"y":8.435154914855957,"z":8.428409576416016},"rotation":{"x":-0.2314639836549759,"y":0.6626342535018921,"z":-0.22719800472259522,"w":-0.6750761270523071},"size":2.7823572158813478,"orthographic":false}