{"cameraMode":{"drawMode":0,"name":"Shaded","section":"Shading Mode"},"sceneLighting":true,"audioPlay":false,"sceneViewState":{"showFog":true,"showMaterialUpdate":true,"showSkybox":true,"showFlares":true,"showImageEffects":true,"showParticleSystems":true},"in2DMode":false,"pivot":{"x":-1.0,"y":-0.11000001430511475,"z":5.599999904632568},"rotation":{"x":-0.06961610168218613,"y":-0.7380492687225342,"z":0.07715006172657013,"w":-0.6667824983596802},"size":3.257054090499878,"orthographic":false}